{"cameraMode":{"drawMode":0,"name":"Shaded","section":"Shading Mode"},"sceneLighting":true,"audioPlay":false,"sceneViewState":{"m_AlwaysRefresh":false,"showFog":false,"showSkybox":true,"showFlares":true,"showImageEffects":true,"showParticleSystems":true,"showVisualEffectGraphs":true,"m_FxEnabled":true},"in2DMode":false,"pivot":{"x":-26.932641983032228,"y":-46.696571350097659,"z":85.09983825683594},"rotation":{"x":0.09075688570737839,"y":0.8789235353469849,"z":-0.43000057339668276,"w":0.18549677729606629},"size":281.74786376953127,"orthographic":false}